t_s,speed_rpm,iq_A,id_A
0.0,0.0,0.0,0.0
0.1,0.0,0.0,0.0
0.2,0.0,0.0,0.0
0.3,0.0,0.0,0.0
0.4,0.0,0.0,0.0
0.5,0.0,0.0,0.0
0.6,0.0,0.0,0.0
0.7,0.0,0.0,0.0
0.8,0.0,0.0,0.0
0.9,0.0,0.0,0.0
1.0,0.0,0.0,0.0
1.1,0.0,0.0,0.0
1.2,0.0,0.0,0.0
1.3,0.0,0.0,0.0
1.4,0.0,0.0,0.0
1.5,0.0,0.0,0.0
1.6,0.0,0.0,0.0
1.7,0.0,0.0,0.0
1.8,0.0,0.0,0.0
1.9,0.0,0.0,0.0
2.0,0.0,0.0,0.0
2.1,0.0,0.0,0.0
2.2,0.0,0.0,0.0
2.3,0.0,0.0,0.0
2.4,0.0,0.0,0.0
2.5,0.0,0.0,0.0
2.6,0.0,0.0,0.0
2.7,0.0,0.0,0.0
2.8,0.0,0.0,0.0
2.9,0.0,0.0,0.0
3.0,0.0,0.0,0.0
3.1,0.0,0.0,0.0
3.2,0.0,0.0,0.0
3.3,0.0,0.0,0.0
3.4,0.0,0.0,0.0
3.5,0.0,0.0,0.0
3.6,0.0,0.0,0.0
3.7,0.0,0.0,0.0
3.8,0.0,0.0,0.0
3.9,0.0,0.0,0.0
4.0,0.0,0.0,0.0
4.1,0.0,0.0,0.0
4.2,0.0,0.0,0.0
4.3,0.0,0.0,0.0
4.4,0.0,0.0,0.0
4.5,0.0,0.0,0.0
4.6,0.0,0.0,0.0
4.7,0.0,0.0,0.0
4.8,0.0,0.0,0.0
4.9,0.0,0.0,0.0
5.0,0.0,0.0,0.0
5.1,0.0,0.0,0.0
5.2,0.0,0.0,0.0
5.3,0.0,0.0,0.0
5.4,0.0,0.0,0.0
5.5,0.0,0.0,0.0
5.6,0.0,0.0,0.0
5.7,0.0,0.0,0.0
5.8,0.0,0.0,0.0
5.9,0.0,0.0,0.0
6.0,0.0,0.0,0.0
6.1,0.0,0.0,0.0
6.2,0.0,0.0,0.0
6.3,0.0,0.0,0.0
6.4,0.0,0.0,0.0
6.5,0.0,0.0,0.0
6.6,0.0,0.0,0.0
6.7,0.0,0.0,0.0
6.8,0.0,0.0,0.0
6.9,0.0,0.0,0.0
7.0,0.0,0.0,0.0
7.1,0.0,0.0,0.0
7.2,0.0,0.0,0.0
7.3,0.0,0.0,0.0
7.4,0.0,0.0,0.0
7.5,0.0,0.0,0.0
7.6,0.0,0.0,0.0
7.7,0.0,0.0,0.0
7.8,0.0,0.0,0.0
7.9,0.0,0.0,0.0
8.0,0.0,0.0,0.0
8.1,0.0,0.0,0.0
8.2,0.0,0.0,0.0
8.3,0.0,0.0,0.0
8.4,0.0,0.0,0.0
8.5,0.0,0.0,0.0
8.6,0.0,0.0,0.0
8.7,0.0,0.0,0.0
8.8,0.0,0.0,0.0
8.9,0.0,0.0,0.0
9.0,0.0,0.0,0.0
9.1,0.0,0.0,0.0
9.2,0.0,0.0,0.0
9.3,0.0,0.0,0.0
9.4,0.0,0.0,0.0
9.5,0.0,0.0,0.0
9.6,0.0,0.0,0.0
9.7,0.0,0.0,0.0
9.8,0.0,0.0,0.0
9.9,0.0,0.0,0.0
10.0,0.0,0.0,0.0
10.1,13.3,0.3,0.0
10.2,26.7,0.5,0.0
10.3,40.0,0.8,0.0
10.4,53.3,1.1,0.0
10.5,66.7,1.3,0.0
10.6,80.0,1.6,0.0
10.7,93.3,1.9,0.0
10.8,106.7,2.1,0.0
10.9,120.0,2.4,0.0
11.0,133.3,2.7,0.0
11.1,146.7,2.9,0.0
11.2,160.0,3.2,0.0
11.3,173.3,3.5,0.0
11.4,186.7,3.7,0.0
11.5,200.0,4.0,0.0
11.6,213.3,4.3,0.0
11.7,226.7,4.5,0.0
11.8,240.0,4.8,0.0
11.9,253.3,5.1,0.0
12.0,266.7,5.3,0.0
12.1,280.0,5.6,0.0
12.2,293.3,5.9,0.0
12.3,306.7,6.1,0.0
12.4,320.0,6.4,0.0
12.5,333.3,6.7,0.0
12.6,346.7,6.9,0.0
12.7,360.0,7.2,0.0
12.8,373.3,7.5,0.0
12.9,386.7,7.7,0.0
13.0,400.0,8.0,0.0
13.1,413.3,8.3,0.0
13.2,426.7,8.5,0.0
13.3,440.0,8.8,0.0
13.4,453.3,9.1,0.0
13.5,466.7,9.3,0.0
13.6,480.0,9.6,0.0
13.7,493.3,9.9,0.0
13.8,506.7,10.1,0.0
13.9,520.0,10.4,0.0
14.0,533.3,10.7,0.0
14.1,546.7,10.9,0.0
14.2,560.0,11.2,0.0
14.3,573.3,11.5,0.0
14.4,586.7,11.7,0.0
14.5,600.0,12.0,0.0
14.6,613.3,12.3,0.0
14.7,626.7,12.5,0.0
14.8,640.0,12.8,0.0
14.9,653.3,13.1,0.0
15.0,666.7,13.3,0.0
15.1,680.0,13.6,0.0
15.2,693.3,13.9,0.0
15.3,706.7,14.1,0.0
15.4,720.0,14.4,0.0
15.5,733.3,14.7,0.0
15.6,746.7,14.9,0.0
15.7,760.0,15.2,0.0
15.8,773.3,15.5,0.0
15.9,786.7,15.7,0.0
16.0,800.0,16.0,0.0
16.1,813.3,16.3,0.0
16.2,826.7,16.5,0.0
16.3,840.0,16.8,0.0
16.4,853.3,17.1,0.0
16.5,866.7,17.3,0.0
16.6,880.0,17.6,0.0
16.7,893.3,17.9,0.0
16.8,906.7,18.1,0.0
16.9,920.0,18.4,0.0
17.0,933.3,18.7,0.0
17.1,946.7,18.9,0.0
17.2,960.0,19.2,0.0
17.3,973.3,19.5,0.0
17.4,986.7,19.7,0.0
17.5,1000.0,20.0,0.0
17.6,1013.3,20.3,0.0
17.7,1026.7,20.5,0.0
17.8,1040.0,20.8,0.0
17.9,1053.3,21.1,0.0
18.0,1066.7,21.3,0.0
18.1,1080.0,21.6,0.0
18.2,1093.3,21.9,0.0
18.3,1106.7,22.1,0.0
18.4,1120.0,22.4,0.0
18.5,1133.3,22.7,0.0
18.6,1146.7,22.9,0.0
18.7,1160.0,23.2,0.0
18.8,1173.3,23.5,0.0
18.9,1186.7,23.7,0.0
19.0,1200.0,24.0,0.0
19.1,1213.3,24.3,0.0
19.2,1226.7,24.5,0.0
19.3,1240.0,24.8,0.0
19.4,1253.3,25.1,0.0
19.5,1266.7,25.3,0.0
19.6,1280.0,25.6,0.0
19.7,1293.3,25.9,0.0
19.8,1306.7,26.1,0.0
19.9,1320.0,26.4,0.0
20.0,1333.3,26.7,0.0
20.1,1346.7,26.9,0.0
20.2,1360.0,27.2,0.0
20.3,1373.3,27.5,0.0
20.4,1386.7,27.7,0.0
20.5,1400.0,28.0,0.0
20.6,1413.3,28.3,0.0
20.7,1426.7,28.5,0.0
20.8,1440.0,28.8,0.0
20.9,1453.3,29.1,0.0
21.0,1466.7,29.3,0.0
21.1,1480.0,29.6,0.0
21.2,1493.3,29.9,0.0
21.3,1506.7,30.1,0.0
21.4,1520.0,30.4,0.0
21.5,1533.3,30.7,0.0
21.6,1546.7,30.9,0.0
21.7,1560.0,31.2,0.0
21.8,1573.3,31.5,0.0
21.9,1586.7,31.7,0.0
22.0,1600.0,32.0,0.0
22.1,1613.3,32.3,0.0
22.2,1626.7,32.5,0.0
22.3,1640.0,32.8,0.0
22.4,1653.3,33.1,0.0
22.5,1666.7,33.3,0.0
22.6,1680.0,33.6,0.0
22.7,1693.3,33.9,0.0
22.8,1706.7,34.1,0.0
22.9,1720.0,34.4,0.0
23.0,1733.3,34.7,0.0
23.1,1746.7,34.9,0.0
23.2,1760.0,35.2,0.0
23.3,1773.3,35.5,0.0
23.4,1786.7,35.7,0.0
23.5,1800.0,36.0,0.0
23.6,1813.3,36.3,0.0
23.7,1826.7,36.5,0.0
23.8,1840.0,36.8,0.0
23.9,1853.3,37.1,0.0
24.0,1866.7,37.3,0.0
24.1,1880.0,37.6,0.0
24.2,1893.3,37.9,0.0
24.3,1906.7,38.1,0.0
24.4,1920.0,38.4,0.0
24.5,1933.3,38.7,0.0
24.6,1946.7,38.9,0.0
24.7,1960.0,39.2,0.0
24.8,1973.3,39.5,0.0
24.9,1986.7,39.7,0.0
25.0,2000.0,30.0,0.0
25.1,2000.0,30.0,0.0
25.2,2000.0,30.0,0.0
25.3,2000.0,30.0,0.0
25.4,2000.0,30.0,0.0
25.5,2000.0,30.0,0.0
25.6,2000.0,30.0,0.0
25.7,2000.0,30.0,0.0
25.8,2000.0,30.0,0.0
25.9,2000.0,30.0,0.0
26.0,2000.0,30.0,0.0
26.1,2000.0,30.0,0.0
26.2,2000.0,30.0,0.0
26.3,2000.0,30.0,0.0
26.4,2000.0,30.0,0.0
26.5,2000.0,30.0,0.0
26.6,2000.0,30.0,0.0
26.7,2000.0,30.0,0.0
26.8,2000.0,30.0,0.0
26.9,2000.0,30.0,0.0
27.0,2000.0,30.0,0.0
27.1,2000.0,30.0,0.0
27.2,2000.0,30.0,0.0
27.3,2000.0,30.0,0.0
27.4,2000.0,30.0,0.0
27.5,2000.0,30.0,0.0
27.6,2000.0,30.0,0.0
27.7,2000.0,30.0,0.0
27.8,2000.0,30.0,0.0
27.9,2000.0,30.0,0.0
28.0,2000.0,30.0,0.0
28.1,2000.0,30.0,0.0
28.2,2000.0,30.0,0.0
28.3,2000.0,30.0,0.0
28.4,2000.0,30.0,0.0
28.5,2000.0,30.0,0.0
28.6,2000.0,30.0,0.0
28.7,2000.0,30.0,0.0
28.8,2000.0,30.0,0.0
28.9,2000.0,30.0,0.0
29.0,2000.0,30.0,0.0
29.1,2000.0,30.0,0.0
29.2,2000.0,30.0,0.0
29.3,2000.0,30.0,0.0
29.4,2000.0,30.0,0.0
29.5,2000.0,30.0,0.0
29.6,2000.0,30.0,0.0
29.7,2000.0,30.0,0.0
29.8,2000.0,30.0,0.0
29.9,2000.0,30.0,0.0
30.0,2000.0,30.0,0.0
30.1,2000.0,30.0,0.0
30.2,2000.0,30.0,0.0
30.3,2000.0,30.0,0.0
30.4,2000.0,30.0,0.0
30.5,2000.0,30.0,0.0
30.6,2000.0,30.0,0.0
30.7,2000.0,30.0,0.0
30.8,2000.0,30.0,0.0
30.9,2000.0,30.0,0.0
31.0,2000.0,30.0,0.0
31.1,2000.0,30.0,0.0
31.2,2000.0,30.0,0.0
31.3,2000.0,30.0,0.0
31.4,2000.0,30.0,0.0
31.5,2000.0,30.0,0.0
31.6,2000.0,30.0,0.0
31.7,2000.0,30.0,0.0
31.8,2000.0,30.0,0.0
31.9,2000.0,30.0,0.0
32.0,2000.0,30.0,0.0
32.1,2000.0,30.0,0.0
32.2,2000.0,30.0,0.0
32.3,2000.0,30.0,0.0
32.4,2000.0,30.0,0.0
32.5,2000.0,30.0,0.0
32.6,2000.0,30.0,0.0
32.7,2000.0,30.0,0.0
32.8,2000.0,30.0,0.0
32.9,2000.0,30.0,0.0
33.0,2000.0,30.0,0.0
33.1,2000.0,30.0,0.0
33.2,2000.0,30.0,0.0
33.3,2000.0,30.0,0.0
33.4,2000.0,30.0,0.0
33.5,2000.0,30.0,0.0
33.6,2000.0,30.0,0.0
33.7,2000.0,30.0,0.0
33.8,2000.0,30.0,0.0
33.9,2000.0,30.0,0.0
34.0,2000.0,30.0,0.0
34.1,2000.0,30.0,0.0
34.2,2000.0,30.0,0.0
34.3,2000.0,30.0,0.0
34.4,2000.0,30.0,0.0
34.5,2000.0,30.0,0.0
34.6,2000.0,30.0,0.0
34.7,2000.0,30.0,0.0
34.8,2000.0,30.0,0.0
34.9,2000.0,30.0,0.0
35.0,2000.0,30.0,0.0
35.1,2000.0,30.0,0.0
35.2,2000.0,30.0,0.0
35.3,2000.0,30.0,0.0
35.4,2000.0,30.0,0.0
35.5,2000.0,30.0,0.0
35.6,2000.0,30.0,0.0
35.7,2000.0,30.0,0.0
35.8,2000.0,30.0,0.0
35.9,2000.0,30.0,0.0
36.0,2000.0,30.0,0.0
36.1,2000.0,30.0,0.0
36.2,2000.0,30.0,0.0
36.3,2000.0,30.0,0.0
36.4,2000.0,30.0,0.0
36.5,2000.0,30.0,0.0
36.6,2000.0,30.0,0.0
36.7,2000.0,30.0,0.0
36.8,2000.0,30.0,0.0
36.9,2000.0,30.0,0.0
37.0,2000.0,30.0,0.0
37.1,2000.0,30.0,0.0
37.2,2000.0,30.0,0.0
37.3,2000.0,30.0,0.0
37.4,2000.0,30.0,0.0
37.5,2000.0,30.0,0.0
37.6,2000.0,30.0,0.0
37.7,2000.0,30.0,0.0
37.8,2000.0,30.0,0.0
37.9,2000.0,30.0,0.0
38.0,2000.0,30.0,0.0
38.1,2000.0,30.0,0.0
38.2,2000.0,30.0,0.0
38.3,2000.0,30.0,0.0
38.4,2000.0,30.0,0.0
38.5,2000.0,30.0,0.0
38.6,2000.0,30.0,0.0
38.7,2000.0,30.0,0.0
38.8,2000.0,30.0,0.0
38.9,2000.0,30.0,0.0
39.0,2000.0,30.0,0.0
39.1,2000.0,30.0,0.0
39.2,2000.0,30.0,0.0
39.3,2000.0,30.0,0.0
39.4,2000.0,30.0,0.0
39.5,2000.0,30.0,0.0
39.6,2000.0,30.0,0.0
39.7,2000.0,30.0,0.0
39.8,2000.0,30.0,0.0
39.9,2000.0,30.0,0.0
40.0,2000.0,0.0,0.0
40.1,1980.0,-0.3,0.0
40.2,1960.0,-0.6,0.0
40.3,1940.0,-0.9,0.0
40.4,1920.0,-1.2,0.0
40.5,1900.0,-1.5,0.0
40.6,1880.0,-1.8,0.0
40.7,1860.0,-2.1,0.0
40.8,1840.0,-2.4,0.0
40.9,1820.0,-2.7,0.0
41.0,1800.0,-3.0,0.0
41.1,1780.0,-3.3,0.0
41.2,1760.0,-3.6,0.0
41.3,1740.0,-3.9,0.0
41.4,1720.0,-4.2,0.0
41.5,1700.0,-4.5,0.0
41.6,1680.0,-4.8,0.0
41.7,1660.0,-5.1,0.0
41.8,1640.0,-5.4,0.0
41.9,1620.0,-5.7,0.0
42.0,1600.0,-6.0,0.0
42.1,1580.0,-6.3,0.0
42.2,1560.0,-6.6,0.0
42.3,1540.0,-6.9,0.0
42.4,1520.0,-7.2,0.0
42.5,1500.0,-7.5,0.0
42.6,1480.0,-7.8,0.0
42.7,1460.0,-8.1,0.0
42.8,1440.0,-8.4,0.0
42.9,1420.0,-8.7,0.0
43.0,1400.0,-9.0,0.0
43.1,1380.0,-9.3,0.0
43.2,1360.0,-9.6,0.0
43.3,1340.0,-9.9,0.0
43.4,1320.0,-10.2,0.0
43.5,1300.0,-10.5,0.0
43.6,1280.0,-10.8,0.0
43.7,1260.0,-11.1,0.0
43.8,1240.0,-11.4,0.0
43.9,1220.0,-11.7,0.0
44.0,1200.0,-12.0,0.0
44.1,1180.0,-12.3,0.0
44.2,1160.0,-12.6,0.0
44.3,1140.0,-12.9,0.0
44.4,1120.0,-13.2,0.0
44.5,1100.0,-13.5,0.0
44.6,1080.0,-13.8,0.0
44.7,1060.0,-14.1,0.0
44.8,1040.0,-14.4,0.0
44.9,1020.0,-14.7,0.0
45.0,1000.0,-15.0,0.0
45.1,980.0,-15.3,0.0
45.2,960.0,-15.6,0.0
45.3,940.0,-15.9,0.0
45.4,920.0,-16.2,0.0
45.5,900.0,-16.5,0.0
45.6,880.0,-16.8,0.0
45.7,860.0,-17.1,0.0
45.8,840.0,-17.4,0.0
45.9,820.0,-17.7,0.0
46.0,800.0,-18.0,0.0
46.1,780.0,-18.3,0.0
46.2,760.0,-18.6,0.0
46.3,740.0,-18.9,0.0
46.4,720.0,-19.2,0.0
46.5,700.0,-19.5,0.0
46.6,680.0,-19.8,0.0
46.7,660.0,-20.1,0.0
46.8,640.0,-20.4,0.0
46.9,620.0,-20.7,0.0
47.0,600.0,-21.0,0.0
47.1,580.0,-21.3,0.0
47.2,560.0,-21.6,0.0
47.3,540.0,-21.9,0.0
47.4,520.0,-22.2,0.0
47.5,500.0,-22.5,0.0
47.6,480.0,-22.8,0.0
47.7,460.0,-23.1,0.0
47.8,440.0,-23.4,0.0
47.9,420.0,-23.7,0.0
48.0,400.0,-24.0,0.0
48.1,380.0,-24.3,0.0
48.2,360.0,-24.6,0.0
48.3,340.0,-24.9,0.0
48.4,320.0,-25.2,0.0
48.5,300.0,-25.5,0.0
48.6,280.0,-25.8,0.0
48.7,260.0,-26.1,0.0
48.8,240.0,-26.4,0.0
48.9,220.0,-26.7,0.0
49.0,200.0,-27.0,0.0
49.1,180.0,-27.3,0.0
49.2,160.0,-27.6,0.0
49.3,140.0,-27.9,0.0
49.4,120.0,-28.2,0.0
49.5,100.0,-28.5,0.0
49.6,80.0,-28.8,0.0
49.7,60.0,-29.1,0.0
49.8,40.0,-29.4,0.0
49.9,20.0,-29.7,0.0
50.0,0.0,0.0,0.0
50.1,0.0,0.0,0.0
50.2,0.0,0.0,0.0
50.3,0.0,0.0,0.0
50.4,0.0,0.0,0.0
50.5,0.0,0.0,0.0
50.6,0.0,0.0,0.0
50.7,0.0,0.0,0.0
50.8,0.0,0.0,0.0
50.9,0.0,0.0,0.0
51.0,0.0,0.0,0.0
51.1,0.0,0.0,0.0
51.2,0.0,0.0,0.0
51.3,0.0,0.0,0.0
51.4,0.0,0.0,0.0
51.5,0.0,0.0,0.0
51.6,0.0,0.0,0.0
51.7,0.0,0.0,0.0
51.8,0.0,0.0,0.0
51.9,0.0,0.0,0.0
52.0,0.0,0.0,0.0
52.1,0.0,0.0,0.0
52.2,0.0,0.0,0.0
52.3,0.0,0.0,0.0
52.4,0.0,0.0,0.0
52.5,0.0,0.0,0.0
52.6,0.0,0.0,0.0
52.7,0.0,0.0,0.0
52.8,0.0,0.0,0.0
52.9,0.0,0.0,0.0
53.0,0.0,0.0,0.0
53.1,0.0,0.0,0.0
53.2,0.0,0.0,0.0
53.3,0.0,0.0,0.0
53.4,0.0,0.0,0.0
53.5,0.0,0.0,0.0
53.6,0.0,0.0,0.0
53.7,0.0,0.0,0.0
53.8,0.0,0.0,0.0
53.9,0.0,0.0,0.0
54.0,0.0,0.0,0.0
54.1,0.0,0.0,0.0
54.2,0.0,0.0,0.0
54.3,0.0,0.0,0.0
54.4,0.0,0.0,0.0
54.5,0.0,0.0,0.0
54.6,0.0,0.0,0.0
54.7,0.0,0.0,0.0
54.8,0.0,0.0,0.0
54.9,0.0,0.0,0.0
55.0,0.0,0.0,0.0
55.1,0.0,0.0,0.0
55.2,0.0,0.0,0.0
55.3,0.0,0.0,0.0
55.4,0.0,0.0,0.0
55.5,0.0,0.0,0.0
55.6,0.0,0.0,0.0
55.7,0.0,0.0,0.0
55.8,0.0,0.0,0.0
55.9,0.0,0.0,0.0
56.0,0.0,0.0,0.0
56.1,0.0,0.0,0.0
56.2,0.0,0.0,0.0
56.3,0.0,0.0,0.0
56.4,0.0,0.0,0.0
56.5,0.0,0.0,0.0
56.6,0.0,0.0,0.0
56.7,0.0,0.0,0.0
56.8,0.0,0.0,0.0
56.9,0.0,0.0,0.0
57.0,0.0,0.0,0.0
57.1,0.0,0.0,0.0
57.2,0.0,0.0,0.0
57.3,0.0,0.0,0.0
57.4,0.0,0.0,0.0
57.5,0.0,0.0,0.0
57.6,0.0,0.0,0.0
57.7,0.0,0.0,0.0
57.8,0.0,0.0,0.0
57.9,0.0,0.0,0.0
58.0,0.0,0.0,0.0
58.1,0.0,0.0,0.0
58.2,0.0,0.0,0.0
58.3,0.0,0.0,0.0
58.4,0.0,0.0,0.0
58.5,0.0,0.0,0.0
58.6,0.0,0.0,0.0
58.7,0.0,0.0,0.0
58.8,0.0,0.0,0.0
58.9,0.0,0.0,0.0
59.0,0.0,0.0,0.0
59.1,0.0,0.0,0.0
59.2,0.0,0.0,0.0
59.3,0.0,0.0,0.0
59.4,0.0,0.0,0.0
59.5,0.0,0.0,0.0
59.6,0.0,0.0,0.0
59.7,0.0,0.0,0.0
59.8,0.0,0.0,0.0
59.9,0.0,0.0,0.0
60.0,0.0,0.0,0.0
60.1,0.0,0.0,0.0
60.2,0.0,0.0,0.0
60.3,0.0,0.0,0.0
60.4,0.0,0.0,0.0
60.5,0.0,0.0,0.0
60.6,0.0,0.0,0.0
60.7,0.0,0.0,0.0
60.8,0.0,0.0,0.0
60.9,0.0,0.0,0.0
61.0,0.0,0.0,0.0
61.1,0.0,0.0,0.0
61.2,0.0,0.0,0.0
61.3,0.0,0.0,0.0
61.4,0.0,0.0,0.0
61.5,0.0,0.0,0.0
61.6,0.0,0.0,0.0
61.7,0.0,0.0,0.0
61.8,0.0,0.0,0.0
61.9,0.0,0.0,0.0
62.0,0.0,0.0,0.0
62.1,0.0,0.0,0.0
62.2,0.0,0.0,0.0
62.3,0.0,0.0,0.0
62.4,0.0,0.0,0.0
62.5,0.0,0.0,0.0
62.6,0.0,0.0,0.0
62.7,0.0,0.0,0.0
62.8,0.0,0.0,0.0
62.9,0.0,0.0,0.0
63.0,0.0,0.0,0.0
63.1,0.0,0.0,0.0
63.2,0.0,0.0,0.0
63.3,0.0,0.0,0.0
63.4,0.0,0.0,0.0
63.5,0.0,0.0,0.0
63.6,0.0,0.0,0.0
63.7,0.0,0.0,0.0
63.8,0.0,0.0,0.0
63.9,0.0,0.0,0.0
64.0,0.0,0.0,0.0
64.1,0.0,0.0,0.0
64.2,0.0,0.0,0.0
64.3,0.0,0.0,0.0
64.4,0.0,0.0,0.0
64.5,0.0,0.0,0.0
64.6,0.0,0.0,0.0
64.7,0.0,0.0,0.0
64.8,0.0,0.0,0.0
64.9,0.0,0.0,0.0
65.0,0.0,0.0,0.0
65.1,0.0,0.0,0.0
65.2,0.0,0.0,0.0
65.3,0.0,0.0,0.0
65.4,0.0,0.0,0.0
65.5,0.0,0.0,0.0
65.6,0.0,0.0,0.0
65.7,0.0,0.0,0.0
65.8,0.0,0.0,0.0
65.9,0.0,0.0,0.0
66.0,0.0,0.0,0.0
66.1,0.0,0.0,0.0
66.2,0.0,0.0,0.0
66.3,0.0,0.0,0.0
66.4,0.0,0.0,0.0
66.5,0.0,0.0,0.0
66.6,0.0,0.0,0.0
66.7,0.0,0.0,0.0
66.8,0.0,0.0,0.0
66.9,0.0,0.0,0.0
67.0,0.0,0.0,0.0
67.1,0.0,0.0,0.0
67.2,0.0,0.0,0.0
67.3,0.0,0.0,0.0
67.4,0.0,0.0,0.0
67.5,0.0,0.0,0.0
67.6,0.0,0.0,0.0
67.7,0.0,0.0,0.0
67.8,0.0,0.0,0.0
67.9,0.0,0.0,0.0
68.0,0.0,0.0,0.0
68.1,0.0,0.0,0.0
68.2,0.0,0.0,0.0
68.3,0.0,0.0,0.0
68.4,0.0,0.0,0.0
68.5,0.0,0.0,0.0
68.6,0.0,0.0,0.0
68.7,0.0,0.0,0.0
68.8,0.0,0.0,0.0
68.9,0.0,0.0,0.0
69.0,0.0,0.0,0.0
69.1,0.0,0.0,0.0
69.2,0.0,0.0,0.0
69.3,0.0,0.0,0.0
69.4,0.0,0.0,0.0
69.5,0.0,0.0,0.0
69.6,0.0,0.0,0.0
69.7,0.0,0.0,0.0
69.8,0.0,0.0,0.0
69.9,0.0,0.0,0.0
70.0,0.0,0.0,0.0
70.1,13.3,0.3,0.0
70.2,26.7,0.5,0.0
70.3,40.0,0.8,0.0
70.4,53.3,1.1,0.0
70.5,66.7,1.3,0.0
70.6,80.0,1.6,0.0
70.7,93.3,1.9,0.0
70.8,106.7,2.1,0.0
70.9,120.0,2.4,0.0
71.0,133.3,2.7,0.0
71.1,146.7,2.9,0.0
71.2,160.0,3.2,0.0
71.3,173.3,3.5,0.0
71.4,186.7,3.7,0.0
71.5,200.0,4.0,0.0
71.6,213.3,4.3,0.0
71.7,226.7,4.5,0.0
71.8,240.0,4.8,0.0
71.9,253.3,5.1,0.0
72.0,266.7,5.3,0.0
72.1,280.0,5.6,0.0
72.2,293.3,5.9,0.0
72.3,306.7,6.1,0.0
72.4,320.0,6.4,0.0
72.5,333.3,6.7,0.0
72.6,346.7,6.9,0.0
72.7,360.0,7.2,0.0
72.8,373.3,7.5,0.0
72.9,386.7,7.7,0.0
73.0,400.0,8.0,0.0
73.1,413.3,8.3,0.0
73.2,426.7,8.5,0.0
73.3,440.0,8.8,0.0
73.4,453.3,9.1,0.0
73.5,466.7,9.3,0.0
73.6,480.0,9.6,0.0
73.7,493.3,9.9,0.0
73.8,506.7,10.1,0.0
73.9,520.0,10.4,0.0
74.0,533.3,10.7,0.0
74.1,546.7,10.9,0.0
74.2,560.0,11.2,0.0
74.3,573.3,11.5,0.0
74.4,586.7,11.7,0.0
74.5,600.0,12.0,0.0
74.6,613.3,12.3,0.0
74.7,626.7,12.5,0.0
74.8,640.0,12.8,0.0
74.9,653.3,13.1,0.0
75.0,666.7,13.3,0.0
75.1,680.0,13.6,0.0
75.2,693.3,13.9,0.0
75.3,706.7,14.1,0.0
75.4,720.0,14.4,0.0
75.5,733.3,14.7,0.0
75.6,746.7,14.9,0.0
75.7,760.0,15.2,0.0
75.8,773.3,15.5,0.0
75.9,786.7,15.7,0.0
76.0,800.0,16.0,0.0
76.1,813.3,16.3,0.0
76.2,826.7,16.5,0.0
76.3,840.0,16.8,0.0
76.4,853.3,17.1,0.0
76.5,866.7,17.3,0.0
76.6,880.0,17.6,0.0
76.7,893.3,17.9,0.0
76.8,906.7,18.1,0.0
76.9,920.0,18.4,0.0
77.0,933.3,18.7,0.0
77.1,946.7,18.9,0.0
77.2,960.0,19.2,0.0
77.3,973.3,19.5,0.0
77.4,986.7,19.7,0.0
77.5,1000.0,20.0,0.0
77.6,1013.3,20.3,0.0
77.7,1026.7,20.5,0.0
77.8,1040.0,20.8,0.0
77.9,1053.3,21.1,0.0
78.0,1066.7,21.3,0.0
78.1,1080.0,21.6,0.0
78.2,1093.3,21.9,0.0
78.3,1106.7,22.1,0.0
78.4,1120.0,22.4,0.0
78.5,1133.3,22.7,0.0
78.6,1146.7,22.9,0.0
78.7,1160.0,23.2,0.0
78.8,1173.3,23.5,0.0
78.9,1186.7,23.7,0.0
79.0,1200.0,24.0,0.0
79.1,1213.3,24.3,0.0
79.2,1226.7,24.5,0.0
79.3,1240.0,24.8,0.0
79.4,1253.3,25.1,0.0
79.5,1266.7,25.3,0.0
79.6,1280.0,25.6,0.0
79.7,1293.3,25.9,0.0
79.8,1306.7,26.1,0.0
79.9,1320.0,26.4,0.0
80.0,1333.3,26.7,0.0
80.1,1346.7,26.9,0.0
80.2,1360.0,27.2,0.0
80.3,1373.3,27.5,0.0
80.4,1386.7,27.7,0.0
80.5,1400.0,28.0,0.0
80.6,1413.3,28.3,0.0
80.7,1426.7,28.5,0.0
80.8,1440.0,28.8,0.0
80.9,1453.3,29.1,0.0
81.0,1466.7,29.3,0.0
81.1,1480.0,29.6,0.0
81.2,1493.3,29.9,0.0
81.3,1506.7,30.1,0.0
81.4,1520.0,30.4,0.0
81.5,1533.3,30.7,0.0
81.6,1546.7,30.9,0.0
81.7,1560.0,31.2,0.0
81.8,1573.3,31.5,0.0
81.9,1586.7,31.7,0.0
82.0,1600.0,32.0,0.0
82.1,1613.3,32.3,0.0
82.2,1626.7,32.5,0.0
82.3,1640.0,32.8,0.0
82.4,1653.3,33.1,0.0
82.5,1666.7,33.3,0.0
82.6,1680.0,33.6,0.0
82.7,1693.3,33.9,0.0
82.8,1706.7,34.1,0.0
82.9,1720.0,34.4,0.0
83.0,1733.3,34.7,0.0
83.1,1746.7,34.9,0.0
83.2,1760.0,35.2,0.0
83.3,1773.3,35.5,0.0
83.4,1786.7,35.7,0.0
83.5,1800.0,36.0,0.0
83.6,1813.3,36.3,0.0
83.7,1826.7,36.5,0.0
83.8,1840.0,36.8,0.0
83.9,1853.3,37.1,0.0
84.0,1866.7,37.3,0.0
84.1,1880.0,37.6,0.0
84.2,1893.3,37.9,0.0
84.3,1906.7,38.1,0.0
84.4,1920.0,38.4,0.0
84.5,1933.3,38.7,0.0
84.6,1946.7,38.9,0.0
84.7,1960.0,39.2,0.0
84.8,1973.3,39.5,0.0
84.9,1986.7,39.7,0.0
85.0,2000.0,30.0,0.0
85.1,2000.0,30.0,0.0
85.2,2000.0,30.0,0.0
85.3,2000.0,30.0,0.0
85.4,2000.0,30.0,0.0
85.5,2000.0,30.0,0.0
85.6,2000.0,30.0,0.0
85.7,2000.0,30.0,0.0
85.8,2000.0,30.0,0.0
85.9,2000.0,30.0,0.0
86.0,2000.0,30.0,0.0
86.1,2000.0,30.0,0.0
86.2,2000.0,30.0,0.0
86.3,2000.0,30.0,0.0
86.4,2000.0,30.0,0.0
86.5,2000.0,30.0,0.0
86.6,2000.0,30.0,0.0
86.7,2000.0,30.0,0.0
86.8,2000.0,30.0,0.0
86.9,2000.0,30.0,0.0
87.0,2000.0,30.0,0.0
87.1,2000.0,30.0,0.0
87.2,2000.0,30.0,0.0
87.3,2000.0,30.0,0.0
87.4,2000.0,30.0,0.0
87.5,2000.0,30.0,0.0
87.6,2000.0,30.0,0.0
87.7,2000.0,30.0,0.0
87.8,2000.0,30.0,0.0
87.9,2000.0,30.0,0.0
88.0,2000.0,30.0,0.0
88.1,2000.0,30.0,0.0
88.2,2000.0,30.0,0.0
88.3,2000.0,30.0,0.0
88.4,2000.0,30.0,0.0
88.5,2000.0,30.0,0.0
88.6,2000.0,30.0,0.0
88.7,2000.0,30.0,0.0
88.8,2000.0,30.0,0.0
88.9,2000.0,30.0,0.0
89.0,2000.0,30.0,0.0
89.1,2000.0,30.0,0.0
89.2,2000.0,30.0,0.0
89.3,2000.0,30.0,0.0
89.4,2000.0,30.0,0.0
89.5,2000.0,30.0,0.0
89.6,2000.0,30.0,0.0
89.7,2000.0,30.0,0.0
89.8,2000.0,30.0,0.0
89.9,2000.0,30.0,0.0
90.0,2000.0,30.0,0.0
90.1,2000.0,30.0,0.0
90.2,2000.0,30.0,0.0
90.3,2000.0,30.0,0.0
90.4,2000.0,30.0,0.0
90.5,2000.0,30.0,0.0
90.6,2000.0,30.0,0.0
90.7,2000.0,30.0,0.0
90.8,2000.0,30.0,0.0
90.9,2000.0,30.0,0.0
91.0,2000.0,30.0,0.0
91.1,2000.0,30.0,0.0
91.2,2000.0,30.0,0.0
91.3,2000.0,30.0,0.0
91.4,2000.0,30.0,0.0
91.5,2000.0,30.0,0.0
91.6,2000.0,30.0,0.0
91.7,2000.0,30.0,0.0
91.8,2000.0,30.0,0.0
91.9,2000.0,30.0,0.0
92.0,2000.0,30.0,0.0
92.1,2000.0,30.0,0.0
92.2,2000.0,30.0,0.0
92.3,2000.0,30.0,0.0
92.4,2000.0,30.0,0.0
92.5,2000.0,30.0,0.0
92.6,2000.0,30.0,0.0
92.7,2000.0,30.0,0.0
92.8,2000.0,30.0,0.0
92.9,2000.0,30.0,0.0
93.0,2000.0,30.0,0.0
93.1,2000.0,30.0,0.0
93.2,2000.0,30.0,0.0
93.3,2000.0,30.0,0.0
93.4,2000.0,30.0,0.0
93.5,2000.0,30.0,0.0
93.6,2000.0,30.0,0.0
93.7,2000.0,30.0,0.0
93.8,2000.0,30.0,0.0
93.9,2000.0,30.0,0.0
94.0,2000.0,30.0,0.0
94.1,2000.0,30.0,0.0
94.2,2000.0,30.0,0.0
94.3,2000.0,30.0,0.0
94.4,2000.0,30.0,0.0
94.5,2000.0,30.0,0.0
94.6,2000.0,30.0,0.0
94.7,2000.0,30.0,0.0
94.8,2000.0,30.0,0.0
94.9,2000.0,30.0,0.0
95.0,2000.0,30.0,0.0
95.1,2000.0,30.0,0.0
95.2,2000.0,30.0,0.0
95.3,2000.0,30.0,0.0
95.4,2000.0,30.0,0.0
95.5,2000.0,30.0,0.0
95.6,2000.0,30.0,0.0
95.7,2000.0,30.0,0.0
95.8,2000.0,30.0,0.0
95.9,2000.0,30.0,0.0
96.0,2000.0,30.0,0.0
96.1,2000.0,30.0,0.0
96.2,2000.0,30.0,0.0
96.3,2000.0,30.0,0.0
96.4,2000.0,30.0,0.0
96.5,2000.0,30.0,0.0
96.6,2000.0,30.0,0.0
96.7,2000.0,30.0,0.0
96.8,2000.0,30.0,0.0
96.9,2000.0,30.0,0.0
97.0,2000.0,30.0,0.0
97.1,2000.0,30.0,0.0
97.2,2000.0,30.0,0.0
97.3,2000.0,30.0,0.0
97.4,2000.0,30.0,0.0
97.5,2000.0,30.0,0.0
97.6,2000.0,30.0,0.0
97.7,2000.0,30.0,0.0
97.8,2000.0,30.0,0.0
97.9,2000.0,30.0,0.0
98.0,2000.0,30.0,0.0
98.1,2000.0,30.0,0.0
98.2,2000.0,30.0,0.0
98.3,2000.0,30.0,0.0
98.4,2000.0,30.0,0.0
98.5,2000.0,30.0,0.0
98.6,2000.0,30.0,0.0
98.7,2000.0,30.0,0.0
98.8,2000.0,30.0,0.0
98.9,2000.0,30.0,0.0
99.0,2000.0,30.0,0.0
99.1,2000.0,30.0,0.0
99.2,2000.0,30.0,0.0
99.3,2000.0,30.0,0.0
99.4,2000.0,30.0,0.0
99.5,2000.0,30.0,0.0
99.6,2000.0,30.0,0.0
99.7,2000.0,30.0,0.0
99.8,2000.0,30.0,0.0
99.9,2000.0,30.0,0.0
100.0,2000.0,0.0,0.0
100.1,1980.0,-0.3,0.0
100.2,1960.0,-0.6,0.0
100.3,1940.0,-0.9,0.0
100.4,1920.0,-1.2,0.0
100.5,1900.0,-1.5,0.0
100.6,1880.0,-1.8,0.0
100.7,1860.0,-2.1,0.0
100.8,1840.0,-2.4,0.0
100.9,1820.0,-2.7,0.0
101.0,1800.0,-3.0,0.0
101.1,1780.0,-3.3,0.0
101.2,1760.0,-3.6,0.0
101.3,1740.0,-3.9,0.0
101.4,1720.0,-4.2,0.0
101.5,1700.0,-4.5,0.0
101.6,1680.0,-4.8,0.0
101.7,1660.0,-5.1,0.0
101.8,1640.0,-5.4,0.0
101.9,1620.0,-5.7,0.0
102.0,1600.0,-6.0,0.0
102.1,1580.0,-6.3,0.0
102.2,1560.0,-6.6,0.0
102.3,1540.0,-6.9,0.0
102.4,1520.0,-7.2,0.0
102.5,1500.0,-7.5,0.0
102.6,1480.0,-7.8,0.0
102.7,1460.0,-8.1,0.0
102.8,1440.0,-8.4,0.0
102.9,1420.0,-8.7,0.0
103.0,1400.0,-9.0,0.0
103.1,1380.0,-9.3,0.0
103.2,1360.0,-9.6,0.0
103.3,1340.0,-9.9,0.0
103.4,1320.0,-10.2,0.0
103.5,1300.0,-10.5,0.0
103.6,1280.0,-10.8,0.0
103.7,1260.0,-11.1,0.0
103.8,1240.0,-11.4,0.0
103.9,1220.0,-11.7,0.0
104.0,1200.0,-12.0,0.0
104.1,1180.0,-12.3,0.0
104.2,1160.0,-12.6,0.0
104.3,1140.0,-12.9,0.0
104.4,1120.0,-13.2,0.0
104.5,1100.0,-13.5,0.0
104.6,1080.0,-13.8,0.0
104.7,1060.0,-14.1,0.0
104.8,1040.0,-14.4,0.0
104.9,1020.0,-14.7,0.0
105.0,1000.0,-15.0,0.0
105.1,980.0,-15.3,0.0
105.2,960.0,-15.6,0.0
105.3,940.0,-15.9,0.0
105.4,920.0,-16.2,0.0
105.5,900.0,-16.5,0.0
105.6,880.0,-16.8,0.0
105.7,860.0,-17.1,0.0
105.8,840.0,-17.4,0.0
105.9,820.0,-17.7,0.0
106.0,800.0,-18.0,0.0
106.1,780.0,-18.3,0.0
106.2,760.0,-18.6,0.0
106.3,740.0,-18.9,0.0
106.4,720.0,-19.2,0.0
106.5,700.0,-19.5,0.0
106.6,680.0,-19.8,0.0
106.7,660.0,-20.1,0.0
106.8,640.0,-20.4,0.0
106.9,620.0,-20.7,0.0
107.0,600.0,-21.0,0.0
107.1,580.0,-21.3,0.0
107.2,560.0,-21.6,0.0
107.3,540.0,-21.9,0.0
107.4,520.0,-22.2,0.0
107.5,500.0,-22.5,0.0
107.6,480.0,-22.8,0.0
107.7,460.0,-23.1,0.0
107.8,440.0,-23.4,0.0
107.9,420.0,-23.7,0.0
108.0,400.0,-24.0,0.0
108.1,380.0,-24.3,0.0
108.2,360.0,-24.6,0.0
108.3,340.0,-24.9,0.0
108.4,320.0,-25.2,0.0
108.5,300.0,-25.5,0.0
108.6,280.0,-25.8,0.0
108.7,260.0,-26.1,0.0
108.8,240.0,-26.4,0.0
108.9,220.0,-26.7,0.0
109.0,200.0,-27.0,0.0
109.1,180.0,-27.3,0.0
109.2,160.0,-27.6,0.0
109.3,140.0,-27.9,0.0
109.4,120.0,-28.2,0.0
109.5,100.0,-28.5,0.0
109.6,80.0,-28.8,0.0
109.7,60.0,-29.1,0.0
109.8,40.0,-29.4,0.0
109.9,20.0,-29.7,0.0
110.0,0.0,0.0,0.0
110.1,0.0,0.0,0.0
110.2,0.0,0.0,0.0
110.3,0.0,0.0,0.0
110.4,0.0,0.0,0.0
110.5,0.0,0.0,0.0
110.6,0.0,0.0,0.0
110.7,0.0,0.0,0.0
110.8,0.0,0.0,0.0
110.9,0.0,0.0,0.0
111.0,0.0,0.0,0.0
111.1,0.0,0.0,0.0
111.2,0.0,0.0,0.0
111.3,0.0,0.0,0.0
111.4,0.0,0.0,0.0
111.5,0.0,0.0,0.0
111.6,0.0,0.0,0.0
111.7,0.0,0.0,0.0
111.8,0.0,0.0,0.0
111.9,0.0,0.0,0.0
112.0,0.0,0.0,0.0
112.1,0.0,0.0,0.0
112.2,0.0,0.0,0.0
112.3,0.0,0.0,0.0
112.4,0.0,0.0,0.0
112.5,0.0,0.0,0.0
112.6,0.0,0.0,0.0
112.7,0.0,0.0,0.0
112.8,0.0,0.0,0.0
112.9,0.0,0.0,0.0
113.0,0.0,0.0,0.0
113.1,0.0,0.0,0.0
113.2,0.0,0.0,0.0
113.3,0.0,0.0,0.0
113.4,0.0,0.0,0.0
113.5,0.0,0.0,0.0
113.6,0.0,0.0,0.0
113.7,0.0,0.0,0.0
113.8,0.0,0.0,0.0
113.9,0.0,0.0,0.0
114.0,0.0,0.0,0.0
114.1,0.0,0.0,0.0
114.2,0.0,0.0,0.0
114.3,0.0,0.0,0.0
114.4,0.0,0.0,0.0
114.5,0.0,0.0,0.0
114.6,0.0,0.0,0.0
114.7,0.0,0.0,0.0
114.8,0.0,0.0,0.0
114.9,0.0,0.0,0.0
115.0,0.0,0.0,0.0
115.1,0.0,0.0,0.0
115.2,0.0,0.0,0.0
115.3,0.0,0.0,0.0
115.4,0.0,0.0,0.0
115.5,0.0,0.0,0.0
115.6,0.0,0.0,0.0
115.7,0.0,0.0,0.0
115.8,0.0,0.0,0.0
115.9,0.0,0.0,0.0
116.0,0.0,0.0,0.0
116.1,0.0,0.0,0.0
116.2,0.0,0.0,0.0
116.3,0.0,0.0,0.0
116.4,0.0,0.0,0.0
116.5,0.0,0.0,0.0
116.6,0.0,0.0,0.0
116.7,0.0,0.0,0.0
116.8,0.0,0.0,0.0
116.9,0.0,0.0,0.0
117.0,0.0,0.0,0.0
117.1,0.0,0.0,0.0
117.2,0.0,0.0,0.0
117.3,0.0,0.0,0.0
117.4,0.0,0.0,0.0
117.5,0.0,0.0,0.0
117.6,0.0,0.0,0.0
117.7,0.0,0.0,0.0
117.8,0.0,0.0,0.0
117.9,0.0,0.0,0.0
118.0,0.0,0.0,0.0
118.1,0.0,0.0,0.0
118.2,0.0,0.0,0.0
118.3,0.0,0.0,0.0
118.4,0.0,0.0,0.0
118.5,0.0,0.0,0.0
118.6,0.0,0.0,0.0
118.7,0.0,0.0,0.0
118.8,0.0,0.0,0.0
118.9,0.0,0.0,0.0
119.0,0.0,0.0,0.0
119.1,0.0,0.0,0.0
119.2,0.0,0.0,0.0
119.3,0.0,0.0,0.0
119.4,0.0,0.0,0.0
119.5,0.0,0.0,0.0
119.6,0.0,0.0,0.0
119.7,0.0,0.0,0.0
119.8,0.0,0.0,0.0
119.9,0.0,0.0,0.0
120.0,0.0,0.0,0.0
120.1,0.0,0.0,0.0
120.2,0.0,0.0,0.0
120.3,0.0,0.0,0.0
120.4,0.0,0.0,0.0
120.5,0.0,0.0,0.0
120.6,0.0,0.0,0.0
120.7,0.0,0.0,0.0
120.8,0.0,0.0,0.0
120.9,0.0,0.0,0.0
121.0,0.0,0.0,0.0
121.1,0.0,0.0,0.0
121.2,0.0,0.0,0.0
121.3,0.0,0.0,0.0
121.4,0.0,0.0,0.0
121.5,0.0,0.0,0.0
121.6,0.0,0.0,0.0
121.7,0.0,0.0,0.0
121.8,0.0,0.0,0.0
121.9,0.0,0.0,0.0
122.0,0.0,0.0,0.0
122.1,0.0,0.0,0.0
122.2,0.0,0.0,0.0
122.3,0.0,0.0,0.0
122.4,0.0,0.0,0.0
122.5,0.0,0.0,0.0
122.6,0.0,0.0,0.0
122.7,0.0,0.0,0.0
122.8,0.0,0.0,0.0
122.9,0.0,0.0,0.0
123.0,0.0,0.0,0.0
123.1,0.0,0.0,0.0
123.2,0.0,0.0,0.0
123.3,0.0,0.0,0.0
123.4,0.0,0.0,0.0
123.5,0.0,0.0,0.0
123.6,0.0,0.0,0.0
123.7,0.0,0.0,0.0
123.8,0.0,0.0,0.0
123.9,0.0,0.0,0.0
124.0,0.0,0.0,0.0
124.1,0.0,0.0,0.0
124.2,0.0,0.0,0.0
124.3,0.0,0.0,0.0
124.4,0.0,0.0,0.0
124.5,0.0,0.0,0.0
124.6,0.0,0.0,0.0
124.7,0.0,0.0,0.0
124.8,0.0,0.0,0.0
124.9,0.0,0.0,0.0
125.0,0.0,0.0,0.0
125.1,0.0,0.0,0.0
125.2,0.0,0.0,0.0
125.3,0.0,0.0,0.0
125.4,0.0,0.0,0.0
125.5,0.0,0.0,0.0
125.6,0.0,0.0,0.0
125.7,0.0,0.0,0.0
125.8,0.0,0.0,0.0
125.9,0.0,0.0,0.0
126.0,0.0,0.0,0.0
126.1,0.0,0.0,0.0
126.2,0.0,0.0,0.0
126.3,0.0,0.0,0.0
126.4,0.0,0.0,0.0
126.5,0.0,0.0,0.0
126.6,0.0,0.0,0.0
126.7,0.0,0.0,0.0
126.8,0.0,0.0,0.0
126.9,0.0,0.0,0.0
127.0,0.0,0.0,0.0
127.1,0.0,0.0,0.0
127.2,0.0,0.0,0.0
127.3,0.0,0.0,0.0
127.4,0.0,0.0,0.0
127.5,0.0,0.0,0.0
127.6,0.0,0.0,0.0
127.7,0.0,0.0,0.0
127.8,0.0,0.0,0.0
127.9,0.0,0.0,0.0
128.0,0.0,0.0,0.0
128.1,0.0,0.0,0.0
128.2,0.0,0.0,0.0
128.3,0.0,0.0,0.0
128.4,0.0,0.0,0.0
128.5,0.0,0.0,0.0
128.6,0.0,0.0,0.0
128.7,0.0,0.0,0.0
128.8,0.0,0.0,0.0
128.9,0.0,0.0,0.0
129.0,0.0,0.0,0.0
129.1,0.0,0.0,0.0
129.2,0.0,0.0,0.0
129.3,0.0,0.0,0.0
129.4,0.0,0.0,0.0
129.5,0.0,0.0,0.0
129.6,0.0,0.0,0.0
129.7,0.0,0.0,0.0
129.8,0.0,0.0,0.0
129.9,0.0,0.0,0.0
130.0,0.0,0.0,0.0
130.1,13.3,0.3,0.0
130.2,26.7,0.5,0.0
130.3,40.0,0.8,0.0
130.4,53.3,1.1,0.0
130.5,66.7,1.3,0.0
130.6,80.0,1.6,0.0
130.7,93.3,1.9,0.0
130.8,106.7,2.1,0.0
130.9,120.0,2.4,0.0
131.0,133.3,2.7,0.0
131.1,146.7,2.9,0.0
131.2,160.0,3.2,0.0
131.3,173.3,3.5,0.0
131.4,186.7,3.7,0.0
131.5,200.0,4.0,0.0
131.6,213.3,4.3,0.0
131.7,226.7,4.5,0.0
131.8,240.0,4.8,0.0
131.9,253.3,5.1,0.0
132.0,266.7,5.3,0.0
132.1,280.0,5.6,0.0
132.2,293.3,5.9,0.0
132.3,306.7,6.1,0.0
132.4,320.0,6.4,0.0
132.5,333.3,6.7,0.0
132.6,346.7,6.9,0.0
132.7,360.0,7.2,0.0
132.8,373.3,7.5,0.0
132.9,386.7,7.7,0.0
133.0,400.0,8.0,0.0
133.1,413.3,8.3,0.0
133.2,426.7,8.5,0.0
133.3,440.0,8.8,0.0
133.4,453.3,9.1,0.0
133.5,466.7,9.3,0.0
133.6,480.0,9.6,0.0
133.7,493.3,9.9,0.0
133.8,506.7,10.1,0.0
133.9,520.0,10.4,0.0
134.0,533.3,10.7,0.0
134.1,546.7,10.9,0.0
134.2,560.0,11.2,0.0
134.3,573.3,11.5,0.0
134.4,586.7,11.7,0.0
134.5,600.0,12.0,0.0
134.6,613.3,12.3,0.0
134.7,626.7,12.5,0.0
134.8,640.0,12.8,0.0
134.9,653.3,13.1,0.0
135.0,666.7,13.3,0.0
135.1,680.0,13.6,0.0
135.2,693.3,13.9,0.0
135.3,706.7,14.1,0.0
135.4,720.0,14.4,0.0
135.5,733.3,14.7,0.0
135.6,746.7,14.9,0.0
135.7,760.0,15.2,0.0
135.8,773.3,15.5,0.0
135.9,786.7,15.7,0.0
136.0,800.0,16.0,0.0
136.1,813.3,16.3,0.0
136.2,826.7,16.5,0.0
136.3,840.0,16.8,0.0
136.4,853.3,17.1,0.0
136.5,866.7,17.3,0.0
136.6,880.0,17.6,0.0
136.7,893.3,17.9,0.0
136.8,906.7,18.1,0.0
136.9,920.0,18.4,0.0
137.0,933.3,18.7,0.0
137.1,946.7,18.9,0.0
137.2,960.0,19.2,0.0
137.3,973.3,19.5,0.0
137.4,986.7,19.7,0.0
137.5,1000.0,20.0,0.0
137.6,1013.3,20.3,0.0
137.7,1026.7,20.5,0.0
137.8,1040.0,20.8,0.0
137.9,1053.3,21.1,0.0
138.0,1066.7,21.3,0.0
138.1,1080.0,21.6,0.0
138.2,1093.3,21.9,0.0
138.3,1106.7,22.1,0.0
138.4,1120.0,22.4,0.0
138.5,1133.3,22.7,0.0
138.6,1146.7,22.9,0.0
138.7,1160.0,23.2,0.0
138.8,1173.3,23.5,0.0
138.9,1186.7,23.7,0.0
139.0,1200.0,24.0,0.0
139.1,1213.3,24.3,0.0
139.2,1226.7,24.5,0.0
139.3,1240.0,24.8,0.0
139.4,1253.3,25.1,0.0
139.5,1266.7,25.3,0.0
139.6,1280.0,25.6,0.0
139.7,1293.3,25.9,0.0
139.8,1306.7,26.1,0.0
139.9,1320.0,26.4,0.0
140.0,1333.3,26.7,0.0
140.1,1346.7,26.9,0.0
140.2,1360.0,27.2,0.0
140.3,1373.3,27.5,0.0
140.4,1386.7,27.7,0.0
140.5,1400.0,28.0,0.0
140.6,1413.3,28.3,0.0
140.7,1426.7,28.5,0.0
140.8,1440.0,28.8,0.0
140.9,1453.3,29.1,0.0
141.0,1466.7,29.3,0.0
141.1,1480.0,29.6,0.0
141.2,1493.3,29.9,0.0
141.3,1506.7,30.1,0.0
141.4,1520.0,30.4,0.0
141.5,1533.3,30.7,0.0
141.6,1546.7,30.9,0.0
141.7,1560.0,31.2,0.0
141.8,1573.3,31.5,0.0
141.9,1586.7,31.7,0.0
142.0,1600.0,32.0,0.0
142.1,1613.3,32.3,0.0
142.2,1626.7,32.5,0.0
142.3,1640.0,32.8,0.0
142.4,1653.3,33.1,0.0
142.5,1666.7,33.3,0.0
142.6,1680.0,33.6,0.0
142.7,1693.3,33.9,0.0
142.8,1706.7,34.1,0.0
142.9,1720.0,34.4,0.0
143.0,1733.3,34.7,0.0
143.1,1746.7,34.9,0.0
143.2,1760.0,35.2,0.0
143.3,1773.3,35.5,0.0
143.4,1786.7,35.7,0.0
143.5,1800.0,36.0,0.0
143.6,1813.3,36.3,0.0
143.7,1826.7,36.5,0.0
143.8,1840.0,36.8,0.0
143.9,1853.3,37.1,0.0
144.0,1866.7,37.3,0.0
144.1,1880.0,37.6,0.0
144.2,1893.3,37.9,0.0
144.3,1906.7,38.1,0.0
144.4,1920.0,38.4,0.0
144.5,1933.3,38.7,0.0
144.6,1946.7,38.9,0.0
144.7,1960.0,39.2,0.0
144.8,1973.3,39.5,0.0
144.9,1986.7,39.7,0.0
145.0,2000.0,30.0,0.0
145.1,2000.0,30.0,0.0
145.2,2000.0,30.0,0.0
145.3,2000.0,30.0,0.0
145.4,2000.0,30.0,0.0
145.5,2000.0,30.0,0.0
145.6,2000.0,30.0,0.0
145.7,2000.0,30.0,0.0
145.8,2000.0,30.0,0.0
145.9,2000.0,30.0,0.0
146.0,2000.0,30.0,0.0
146.1,2000.0,30.0,0.0
146.2,2000.0,30.0,0.0
146.3,2000.0,30.0,0.0
146.4,2000.0,30.0,0.0
146.5,2000.0,30.0,0.0
146.6,2000.0,30.0,0.0
146.7,2000.0,30.0,0.0
146.8,2000.0,30.0,0.0
146.9,2000.0,30.0,0.0
147.0,2000.0,30.0,0.0
147.1,2000.0,30.0,0.0
147.2,2000.0,30.0,0.0
147.3,2000.0,30.0,0.0
147.4,2000.0,30.0,0.0
147.5,2000.0,30.0,0.0
147.6,2000.0,30.0,0.0
147.7,2000.0,30.0,0.0
147.8,2000.0,30.0,0.0
147.9,2000.0,30.0,0.0
148.0,2000.0,30.0,0.0
148.1,2000.0,30.0,0.0
148.2,2000.0,30.0,0.0
148.3,2000.0,30.0,0.0
148.4,2000.0,30.0,0.0
148.5,2000.0,30.0,0.0
148.6,2000.0,30.0,0.0
148.7,2000.0,30.0,0.0
148.8,2000.0,30.0,0.0
148.9,2000.0,30.0,0.0
149.0,2000.0,30.0,0.0
149.1,2000.0,30.0,0.0
149.2,2000.0,30.0,0.0
149.3,2000.0,30.0,0.0
149.4,2000.0,30.0,0.0
149.5,2000.0,30.0,0.0
149.6,2000.0,30.0,0.0
149.7,2000.0,30.0,0.0
149.8,2000.0,30.0,0.0
149.9,2000.0,30.0,0.0
150.0,2000.0,30.0,0.0
150.1,2000.0,30.0,0.0
150.2,2000.0,30.0,0.0
150.3,2000.0,30.0,0.0
150.4,2000.0,30.0,0.0
150.5,2000.0,30.0,0.0
150.6,2000.0,30.0,0.0
150.7,2000.0,30.0,0.0
150.8,2000.0,30.0,0.0
150.9,2000.0,30.0,0.0
151.0,2000.0,30.0,0.0
151.1,2000.0,30.0,0.0
151.2,2000.0,30.0,0.0
151.3,2000.0,30.0,0.0
151.4,2000.0,30.0,0.0
151.5,2000.0,30.0,0.0
151.6,2000.0,30.0,0.0
151.7,2000.0,30.0,0.0
151.8,2000.0,30.0,0.0
151.9,2000.0,30.0,0.0
152.0,2000.0,30.0,0.0
152.1,2000.0,30.0,0.0
152.2,2000.0,30.0,0.0
152.3,2000.0,30.0,0.0
152.4,2000.0,30.0,0.0
152.5,2000.0,30.0,0.0
152.6,2000.0,30.0,0.0
152.7,2000.0,30.0,0.0
152.8,2000.0,30.0,0.0
152.9,2000.0,30.0,0.0
153.0,2000.0,30.0,0.0
153.1,2000.0,30.0,0.0
153.2,2000.0,30.0,0.0
153.3,2000.0,30.0,0.0
153.4,2000.0,30.0,0.0
153.5,2000.0,30.0,0.0
153.6,2000.0,30.0,0.0
153.7,2000.0,30.0,0.0
153.8,2000.0,30.0,0.0
153.9,2000.0,30.0,0.0
154.0,2000.0,30.0,0.0
154.1,2000.0,30.0,0.0
154.2,2000.0,30.0,0.0
154.3,2000.0,30.0,0.0
154.4,2000.0,30.0,0.0
154.5,2000.0,30.0,0.0
154.6,2000.0,30.0,0.0
154.7,2000.0,30.0,0.0
154.8,2000.0,30.0,0.0
154.9,2000.0,30.0,0.0
155.0,2000.0,30.0,0.0
155.1,2000.0,30.0,0.0
155.2,2000.0,30.0,0.0
155.3,2000.0,30.0,0.0
155.4,2000.0,30.0,0.0
155.5,2000.0,30.0,0.0
155.6,2000.0,30.0,0.0
155.7,2000.0,30.0,0.0
155.8,2000.0,30.0,0.0
155.9,2000.0,30.0,0.0
156.0,2000.0,30.0,0.0
156.1,2000.0,30.0,0.0
156.2,2000.0,30.0,0.0
156.3,2000.0,30.0,0.0
156.4,2000.0,30.0,0.0
156.5,2000.0,30.0,0.0
156.6,2000.0,30.0,0.0
156.7,2000.0,30.0,0.0
156.8,2000.0,30.0,0.0
156.9,2000.0,30.0,0.0
157.0,2000.0,30.0,0.0
157.1,2000.0,30.0,0.0
157.2,2000.0,30.0,0.0
157.3,2000.0,30.0,0.0
157.4,2000.0,30.0,0.0
157.5,2000.0,30.0,0.0
157.6,2000.0,30.0,0.0
157.7,2000.0,30.0,0.0
157.8,2000.0,30.0,0.0
157.9,2000.0,30.0,0.0
158.0,2000.0,30.0,0.0
158.1,2000.0,30.0,0.0
158.2,2000.0,30.0,0.0
158.3,2000.0,30.0,0.0
158.4,2000.0,30.0,0.0
158.5,2000.0,30.0,0.0
158.6,2000.0,30.0,0.0
158.7,2000.0,30.0,0.0
158.8,2000.0,30.0,0.0
158.9,2000.0,30.0,0.0
159.0,2000.0,30.0,0.0
159.1,2000.0,30.0,0.0
159.2,2000.0,30.0,0.0
159.3,2000.0,30.0,0.0
159.4,2000.0,30.0,0.0
159.5,2000.0,30.0,0.0
159.6,2000.0,30.0,0.0
159.7,2000.0,30.0,0.0
159.8,2000.0,30.0,0.0
159.9,2000.0,30.0,0.0
160.0,2000.0,0.0,0.0
160.1,1980.0,-0.3,0.0
160.2,1960.0,-0.6,0.0
160.3,1940.0,-0.9,0.0
160.4,1920.0,-1.2,0.0
160.5,1900.0,-1.5,0.0
160.6,1880.0,-1.8,0.0
160.7,1860.0,-2.1,0.0
160.8,1840.0,-2.4,0.0
160.9,1820.0,-2.7,0.0
161.0,1800.0,-3.0,0.0
161.1,1780.0,-3.3,0.0
161.2,1760.0,-3.6,0.0
161.3,1740.0,-3.9,0.0
161.4,1720.0,-4.2,0.0
161.5,1700.0,-4.5,0.0
161.6,1680.0,-4.8,0.0
161.7,1660.0,-5.1,0.0
161.8,1640.0,-5.4,0.0
161.9,1620.0,-5.7,0.0
162.0,1600.0,-6.0,0.0
162.1,1580.0,-6.3,0.0
162.2,1560.0,-6.6,0.0
162.3,1540.0,-6.9,0.0
162.4,1520.0,-7.2,0.0
162.5,1500.0,-7.5,0.0
162.6,1480.0,-7.8,0.0
162.7,1460.0,-8.1,0.0
162.8,1440.0,-8.4,0.0
162.9,1420.0,-8.7,0.0
163.0,1400.0,-9.0,0.0
163.1,1380.0,-9.3,0.0
163.2,1360.0,-9.6,0.0
163.3,1340.0,-9.9,0.0
163.4,1320.0,-10.2,0.0
163.5,1300.0,-10.5,0.0
163.6,1280.0,-10.8,0.0
163.7,1260.0,-11.1,0.0
163.8,1240.0,-11.4,0.0
163.9,1220.0,-11.7,0.0
164.0,1200.0,-12.0,0.0
164.1,1180.0,-12.3,0.0
164.2,1160.0,-12.6,0.0
164.3,1140.0,-12.9,0.0
164.4,1120.0,-13.2,0.0
164.5,1100.0,-13.5,0.0
164.6,1080.0,-13.8,0.0
164.7,1060.0,-14.1,0.0
164.8,1040.0,-14.4,0.0
164.9,1020.0,-14.7,0.0
165.0,1000.0,-15.0,0.0
165.1,980.0,-15.3,0.0
165.2,960.0,-15.6,0.0
165.3,940.0,-15.9,0.0
165.4,920.0,-16.2,0.0
165.5,900.0,-16.5,0.0
165.6,880.0,-16.8,0.0
165.7,860.0,-17.1,0.0
165.8,840.0,-17.4,0.0
165.9,820.0,-17.7,0.0
166.0,800.0,-18.0,0.0
166.1,780.0,-18.3,0.0
166.2,760.0,-18.6,0.0
166.3,740.0,-18.9,0.0
166.4,720.0,-19.2,0.0
166.5,700.0,-19.5,0.0
166.6,680.0,-19.8,0.0
166.7,660.0,-20.1,0.0
166.8,640.0,-20.4,0.0
166.9,620.0,-20.7,0.0
167.0,600.0,-21.0,0.0
167.1,580.0,-21.3,0.0
167.2,560.0,-21.6,0.0
167.3,540.0,-21.9,0.0
167.4,520.0,-22.2,0.0
167.5,500.0,-22.5,0.0
167.6,480.0,-22.8,0.0
167.7,460.0,-23.1,0.0
167.8,440.0,-23.4,0.0
167.9,420.0,-23.7,0.0
168.0,400.0,-24.0,0.0
168.1,380.0,-24.3,0.0
168.2,360.0,-24.6,0.0
168.3,340.0,-24.9,0.0
168.4,320.0,-25.2,0.0
168.5,300.0,-25.5,0.0
168.6,280.0,-25.8,0.0
168.7,260.0,-26.1,0.0
168.8,240.0,-26.4,0.0
168.9,220.0,-26.7,0.0
169.0,200.0,-27.0,0.0
169.1,180.0,-27.3,0.0
169.2,160.0,-27.6,0.0
169.3,140.0,-27.9,0.0
169.4,120.0,-28.2,0.0
169.5,100.0,-28.5,0.0
169.6,80.0,-28.8,0.0
169.7,60.0,-29.1,0.0
169.8,40.0,-29.4,0.0
169.9,20.0,-29.7,0.0
170.0,0.0,0.0,0.0
170.1,0.0,0.0,0.0
170.2,0.0,0.0,0.0
170.3,0.0,0.0,0.0
170.4,0.0,0.0,0.0
170.5,0.0,0.0,0.0
170.6,0.0,0.0,0.0
170.7,0.0,0.0,0.0
170.8,0.0,0.0,0.0
170.9,0.0,0.0,0.0
171.0,0.0,0.0,0.0
171.1,0.0,0.0,0.0
171.2,0.0,0.0,0.0
171.3,0.0,0.0,0.0
171.4,0.0,0.0,0.0
171.5,0.0,0.0,0.0
171.6,0.0,0.0,0.0
171.7,0.0,0.0,0.0
171.8,0.0,0.0,0.0
171.9,0.0,0.0,0.0
172.0,0.0,0.0,0.0
172.1,0.0,0.0,0.0
172.2,0.0,0.0,0.0
172.3,0.0,0.0,0.0
172.4,0.0,0.0,0.0
172.5,0.0,0.0,0.0
172.6,0.0,0.0,0.0
172.7,0.0,0.0,0.0
172.8,0.0,0.0,0.0
172.9,0.0,0.0,0.0
173.0,0.0,0.0,0.0
173.1,0.0,0.0,0.0
173.2,0.0,0.0,0.0
173.3,0.0,0.0,0.0
173.4,0.0,0.0,0.0
173.5,0.0,0.0,0.0
173.6,0.0,0.0,0.0
173.7,0.0,0.0,0.0
173.8,0.0,0.0,0.0
173.9,0.0,0.0,0.0
174.0,0.0,0.0,0.0
174.1,0.0,0.0,0.0
174.2,0.0,0.0,0.0
174.3,0.0,0.0,0.0
174.4,0.0,0.0,0.0
174.5,0.0,0.0,0.0
174.6,0.0,0.0,0.0
174.7,0.0,0.0,0.0
174.8,0.0,0.0,0.0
174.9,0.0,0.0,0.0
175.0,0.0,0.0,0.0
175.1,0.0,0.0,0.0
175.2,0.0,0.0,0.0
175.3,0.0,0.0,0.0
175.4,0.0,0.0,0.0
175.5,0.0,0.0,0.0
175.6,0.0,0.0,0.0
175.7,0.0,0.0,0.0
175.8,0.0,0.0,0.0
175.9,0.0,0.0,0.0
176.0,0.0,0.0,0.0
176.1,0.0,0.0,0.0
176.2,0.0,0.0,0.0
176.3,0.0,0.0,0.0
176.4,0.0,0.0,0.0
176.5,0.0,0.0,0.0
176.6,0.0,0.0,0.0
176.7,0.0,0.0,0.0
176.8,0.0,0.0,0.0
176.9,0.0,0.0,0.0
177.0,0.0,0.0,0.0
177.1,0.0,0.0,0.0
177.2,0.0,0.0,0.0
177.3,0.0,0.0,0.0
177.4,0.0,0.0,0.0
177.5,0.0,0.0,0.0
177.6,0.0,0.0,0.0
177.7,0.0,0.0,0.0
177.8,0.0,0.0,0.0
177.9,0.0,0.0,0.0
178.0,0.0,0.0,0.0
178.1,0.0,0.0,0.0
178.2,0.0,0.0,0.0
178.3,0.0,0.0,0.0
178.4,0.0,0.0,0.0
178.5,0.0,0.0,0.0
178.6,0.0,0.0,0.0
178.7,0.0,0.0,0.0
178.8,0.0,0.0,0.0
178.9,0.0,0.0,0.0
179.0,0.0,0.0,0.0
179.1,0.0,0.0,0.0
179.2,0.0,0.0,0.0
179.3,0.0,0.0,0.0
179.4,0.0,0.0,0.0
179.5,0.0,0.0,0.0
179.6,0.0,0.0,0.0
179.7,0.0,0.0,0.0
179.8,0.0,0.0,0.0
179.9,0.0,0.0,0.0
180.0,0.0,0.0,0.0
180.1,0.0,0.0,0.0
180.2,0.0,0.0,0.0
180.3,0.0,0.0,0.0
180.4,0.0,0.0,0.0
180.5,0.0,0.0,0.0
180.6,0.0,0.0,0.0
180.7,0.0,0.0,0.0
180.8,0.0,0.0,0.0
180.9,0.0,0.0,0.0
181.0,0.0,0.0,0.0
181.1,0.0,0.0,0.0
181.2,0.0,0.0,0.0
181.3,0.0,0.0,0.0
181.4,0.0,0.0,0.0
181.5,0.0,0.0,0.0
181.6,0.0,0.0,0.0
181.7,0.0,0.0,0.0
181.8,0.0,0.0,0.0
181.9,0.0,0.0,0.0
182.0,0.0,0.0,0.0
182.1,0.0,0.0,0.0
182.2,0.0,0.0,0.0
182.3,0.0,0.0,0.0
182.4,0.0,0.0,0.0
182.5,0.0,0.0,0.0
182.6,0.0,0.0,0.0
182.7,0.0,0.0,0.0
182.8,0.0,0.0,0.0
182.9,0.0,0.0,0.0
183.0,0.0,0.0,0.0
183.1,0.0,0.0,0.0
183.2,0.0,0.0,0.0
183.3,0.0,0.0,0.0
183.4,0.0,0.0,0.0
183.5,0.0,0.0,0.0
183.6,0.0,0.0,0.0
183.7,0.0,0.0,0.0
183.8,0.0,0.0,0.0
183.9,0.0,0.0,0.0
184.0,0.0,0.0,0.0
184.1,0.0,0.0,0.0
184.2,0.0,0.0,0.0
184.3,0.0,0.0,0.0
184.4,0.0,0.0,0.0
184.5,0.0,0.0,0.0
184.6,0.0,0.0,0.0
184.7,0.0,0.0,0.0
184.8,0.0,0.0,0.0
184.9,0.0,0.0,0.0
185.0,0.0,0.0,0.0
185.1,0.0,0.0,0.0
185.2,0.0,0.0,0.0
185.3,0.0,0.0,0.0
185.4,0.0,0.0,0.0
185.5,0.0,0.0,0.0
185.6,0.0,0.0,0.0
185.7,0.0,0.0,0.0
185.8,0.0,0.0,0.0
185.9,0.0,0.0,0.0
186.0,0.0,0.0,0.0
186.1,0.0,0.0,0.0
186.2,0.0,0.0,0.0
186.3,0.0,0.0,0.0
186.4,0.0,0.0,0.0
186.5,0.0,0.0,0.0
186.6,0.0,0.0,0.0
186.7,0.0,0.0,0.0
186.8,0.0,0.0,0.0
186.9,0.0,0.0,0.0
187.0,0.0,0.0,0.0
187.1,0.0,0.0,0.0
187.2,0.0,0.0,0.0
187.3,0.0,0.0,0.0
187.4,0.0,0.0,0.0
187.5,0.0,0.0,0.0
187.6,0.0,0.0,0.0
187.7,0.0,0.0,0.0
187.8,0.0,0.0,0.0
187.9,0.0,0.0,0.0
188.0,0.0,0.0,0.0
188.1,0.0,0.0,0.0
188.2,0.0,0.0,0.0
188.3,0.0,0.0,0.0
188.4,0.0,0.0,0.0
188.5,0.0,0.0,0.0
188.6,0.0,0.0,0.0
188.7,0.0,0.0,0.0
188.8,0.0,0.0,0.0
188.9,0.0,0.0,0.0
189.0,0.0,0.0,0.0
189.1,0.0,0.0,0.0
189.2,0.0,0.0,0.0
189.3,0.0,0.0,0.0
189.4,0.0,0.0,0.0
189.5,0.0,0.0,0.0
189.6,0.0,0.0,0.0
189.7,0.0,0.0,0.0
189.8,0.0,0.0,0.0
189.9,0.0,0.0,0.0
190.0,0.0,0.0,0.0
190.1,13.3,0.3,0.0
190.2,26.7,0.5,0.0
190.3,40.0,0.8,0.0
190.4,53.3,1.1,0.0
190.5,66.7,1.3,0.0
190.6,80.0,1.6,0.0
190.7,93.3,1.9,0.0
190.8,106.7,2.1,0.0
190.9,120.0,2.4,0.0
191.0,133.3,2.7,0.0
191.1,146.7,2.9,0.0
191.2,160.0,3.2,0.0
191.3,173.3,3.5,0.0
191.4,186.7,3.7,0.0
191.5,200.0,4.0,0.0
191.6,213.3,4.3,0.0
191.7,226.7,4.5,0.0
191.8,240.0,4.8,0.0
191.9,253.3,5.1,0.0
192.0,266.7,5.3,0.0
192.1,280.0,5.6,0.0
192.2,293.3,5.9,0.0
192.3,306.7,6.1,0.0
192.4,320.0,6.4,0.0
192.5,333.3,6.7,0.0
192.6,346.7,6.9,0.0
192.7,360.0,7.2,0.0
192.8,373.3,7.5,0.0
192.9,386.7,7.7,0.0
193.0,400.0,8.0,0.0
193.1,413.3,8.3,0.0
193.2,426.7,8.5,0.0
193.3,440.0,8.8,0.0
193.4,453.3,9.1,0.0
193.5,466.7,9.3,0.0
193.6,480.0,9.6,0.0
193.7,493.3,9.9,0.0
193.8,506.7,10.1,0.0
193.9,520.0,10.4,0.0
194.0,533.3,10.7,0.0
194.1,546.7,10.9,0.0
194.2,560.0,11.2,0.0
194.3,573.3,11.5,0.0
194.4,586.7,11.7,0.0
194.5,600.0,12.0,0.0
194.6,613.3,12.3,0.0
194.7,626.7,12.5,0.0
194.8,640.0,12.8,0.0
194.9,653.3,13.1,0.0
195.0,666.7,13.3,0.0
195.1,680.0,13.6,0.0
195.2,693.3,13.9,0.0
195.3,706.7,14.1,0.0
195.4,720.0,14.4,0.0
195.5,733.3,14.7,0.0
195.6,746.7,14.9,0.0
195.7,760.0,15.2,0.0
195.8,773.3,15.5,0.0
195.9,786.7,15.7,0.0
196.0,800.0,16.0,0.0
196.1,813.3,16.3,0.0
196.2,826.7,16.5,0.0
196.3,840.0,16.8,0.0
196.4,853.3,17.1,0.0
196.5,866.7,17.3,0.0
196.6,880.0,17.6,0.0
196.7,893.3,17.9,0.0
196.8,906.7,18.1,0.0
196.9,920.0,18.4,0.0
197.0,933.3,18.7,0.0
197.1,946.7,18.9,0.0
197.2,960.0,19.2,0.0
197.3,973.3,19.5,0.0
197.4,986.7,19.7,0.0
197.5,1000.0,20.0,0.0
197.6,1013.3,20.3,0.0
197.7,1026.7,20.5,0.0
197.8,1040.0,20.8,0.0
197.9,1053.3,21.1,0.0
198.0,1066.7,21.3,0.0
198.1,1080.0,21.6,0.0
198.2,1093.3,21.9,0.0
198.3,1106.7,22.1,0.0
198.4,1120.0,22.4,0.0
198.5,1133.3,22.7,0.0
198.6,1146.7,22.9,0.0
198.7,1160.0,23.2,0.0
198.8,1173.3,23.5,0.0
198.9,1186.7,23.7,0.0
199.0,1200.0,24.0,0.0
199.1,1213.3,24.3,0.0
199.2,1226.7,24.5,0.0
199.3,1240.0,24.8,0.0
199.4,1253.3,25.1,0.0
199.5,1266.7,25.3,0.0
199.6,1280.0,25.6,0.0
199.7,1293.3,25.9,0.0
199.8,1306.7,26.1,0.0
199.9,1320.0,26.4,0.0
200.0,1333.3,26.7,0.0
200.1,1346.7,26.9,0.0
200.2,1360.0,27.2,0.0
200.3,1373.3,27.5,0.0
200.4,1386.7,27.7,0.0
200.5,1400.0,28.0,0.0
200.6,1413.3,28.3,0.0
200.7,1426.7,28.5,0.0
200.8,1440.0,28.8,0.0
200.9,1453.3,29.1,0.0
201.0,1466.7,29.3,0.0
201.1,1480.0,29.6,0.0
201.2,1493.3,29.9,0.0
201.3,1506.7,30.1,0.0
201.4,1520.0,30.4,0.0
201.5,1533.3,30.7,0.0
201.6,1546.7,30.9,0.0
201.7,1560.0,31.2,0.0
201.8,1573.3,31.5,0.0
201.9,1586.7,31.7,0.0
202.0,1600.0,32.0,0.0
202.1,1613.3,32.3,0.0
202.2,1626.7,32.5,0.0
202.3,1640.0,32.8,0.0
202.4,1653.3,33.1,0.0
202.5,1666.7,33.3,0.0
202.6,1680.0,33.6,0.0
202.7,1693.3,33.9,0.0
202.8,1706.7,34.1,0.0
202.9,1720.0,34.4,0.0
203.0,1733.3,34.7,0.0
203.1,1746.7,34.9,0.0
203.2,1760.0,35.2,0.0
203.3,1773.3,35.5,0.0
203.4,1786.7,35.7,0.0
203.5,1800.0,36.0,0.0
203.6,1813.3,36.3,0.0
203.7,1826.7,36.5,0.0
203.8,1840.0,36.8,0.0
203.9,1853.3,37.1,0.0
204.0,1866.7,37.3,0.0
204.1,1880.0,37.6,0.0
204.2,1893.3,37.9,0.0
204.3,1906.7,38.1,0.0
204.4,1920.0,38.4,0.0
204.5,1933.3,38.7,0.0
204.6,1946.7,38.9,0.0
204.7,1960.0,39.2,0.0
204.8,1973.3,39.5,0.0
204.9,1986.7,39.7,0.0
205.0,2000.0,30.0,0.0
205.1,2000.0,30.0,0.0
205.2,2000.0,30.0,0.0
205.3,2000.0,30.0,0.0
205.4,2000.0,30.0,0.0
205.5,2000.0,30.0,0.0
205.6,2000.0,30.0,0.0
205.7,2000.0,30.0,0.0
205.8,2000.0,30.0,0.0
205.9,2000.0,30.0,0.0
206.0,2000.0,30.0,0.0
206.1,2000.0,30.0,0.0
206.2,2000.0,30.0,0.0
206.3,2000.0,30.0,0.0
206.4,2000.0,30.0,0.0
206.5,2000.0,30.0,0.0
206.6,2000.0,30.0,0.0
206.7,2000.0,30.0,0.0
206.8,2000.0,30.0,0.0
206.9,2000.0,30.0,0.0
207.0,2000.0,30.0,0.0
207.1,2000.0,30.0,0.0
207.2,2000.0,30.0,0.0
207.3,2000.0,30.0,0.0
207.4,2000.0,30.0,0.0
207.5,2000.0,30.0,0.0
207.6,2000.0,30.0,0.0
207.7,2000.0,30.0,0.0
207.8,2000.0,30.0,0.0
207.9,2000.0,30.0,0.0
208.0,2000.0,30.0,0.0
208.1,2000.0,30.0,0.0
208.2,2000.0,30.0,0.0
208.3,2000.0,30.0,0.0
208.4,2000.0,30.0,0.0
208.5,2000.0,30.0,0.0
208.6,2000.0,30.0,0.0
208.7,2000.0,30.0,0.0
208.8,2000.0,30.0,0.0
208.9,2000.0,30.0,0.0
209.0,2000.0,30.0,0.0
209.1,2000.0,30.0,0.0
209.2,2000.0,30.0,0.0
209.3,2000.0,30.0,0.0
209.4,2000.0,30.0,0.0
209.5,2000.0,30.0,0.0
209.6,2000.0,30.0,0.0
209.7,2000.0,30.0,0.0
209.8,2000.0,30.0,0.0
209.9,2000.0,30.0,0.0
210.0,2000.0,30.0,0.0
210.1,2000.0,30.0,0.0
210.2,2000.0,30.0,0.0
210.3,2000.0,30.0,0.0
210.4,2000.0,30.0,0.0
210.5,2000.0,30.0,0.0
210.6,2000.0,30.0,0.0
210.7,2000.0,30.0,0.0
210.8,2000.0,30.0,0.0
210.9,2000.0,30.0,0.0
211.0,2000.0,30.0,0.0
211.1,2000.0,30.0,0.0
211.2,2000.0,30.0,0.0
211.3,2000.0,30.0,0.0
211.4,2000.0,30.0,0.0
211.5,2000.0,30.0,0.0
211.6,2000.0,30.0,0.0
211.7,2000.0,30.0,0.0
211.8,2000.0,30.0,0.0
211.9,2000.0,30.0,0.0
212.0,2000.0,30.0,0.0
212.1,2000.0,30.0,0.0
212.2,2000.0,30.0,0.0
212.3,2000.0,30.0,0.0
212.4,2000.0,30.0,0.0
212.5,2000.0,30.0,0.0
212.6,2000.0,30.0,0.0
212.7,2000.0,30.0,0.0
212.8,2000.0,30.0,0.0
212.9,2000.0,30.0,0.0
213.0,2000.0,30.0,0.0
213.1,2000.0,30.0,0.0
213.2,2000.0,30.0,0.0
213.3,2000.0,30.0,0.0
213.4,2000.0,30.0,0.0
213.5,2000.0,30.0,0.0
213.6,2000.0,30.0,0.0
213.7,2000.0,30.0,0.0
213.8,2000.0,30.0,0.0
213.9,2000.0,30.0,0.0
214.0,2000.0,30.0,0.0
214.1,2000.0,30.0,0.0
214.2,2000.0,30.0,0.0
214.3,2000.0,30.0,0.0
214.4,2000.0,30.0,0.0
214.5,2000.0,30.0,0.0
214.6,2000.0,30.0,0.0
214.7,2000.0,30.0,0.0
214.8,2000.0,30.0,0.0
214.9,2000.0,30.0,0.0
215.0,2000.0,30.0,0.0
215.1,2000.0,30.0,0.0
215.2,2000.0,30.0,0.0
215.3,2000.0,30.0,0.0
215.4,2000.0,30.0,0.0
215.5,2000.0,30.0,0.0
215.6,2000.0,30.0,0.0
215.7,2000.0,30.0,0.0
215.8,2000.0,30.0,0.0
215.9,2000.0,30.0,0.0
216.0,2000.0,30.0,0.0
216.1,2000.0,30.0,0.0
216.2,2000.0,30.0,0.0
216.3,2000.0,30.0,0.0
216.4,2000.0,30.0,0.0
216.5,2000.0,30.0,0.0
216.6,2000.0,30.0,0.0
216.7,2000.0,30.0,0.0
216.8,2000.0,30.0,0.0
216.9,2000.0,30.0,0.0
217.0,2000.0,30.0,0.0
217.1,2000.0,30.0,0.0
217.2,2000.0,30.0,0.0
217.3,2000.0,30.0,0.0
217.4,2000.0,30.0,0.0
217.5,2000.0,30.0,0.0
217.6,2000.0,30.0,0.0
217.7,2000.0,30.0,0.0
217.8,2000.0,30.0,0.0
217.9,2000.0,30.0,0.0
218.0,2000.0,30.0,0.0
218.1,2000.0,30.0,0.0
218.2,2000.0,30.0,0.0
218.3,2000.0,30.0,0.0
218.4,2000.0,30.0,0.0
218.5,2000.0,30.0,0.0
218.6,2000.0,30.0,0.0
218.7,2000.0,30.0,0.0
218.8,2000.0,30.0,0.0
218.9,2000.0,30.0,0.0
219.0,2000.0,30.0,0.0
219.1,2000.0,30.0,0.0
219.2,2000.0,30.0,0.0
219.3,2000.0,30.0,0.0
219.4,2000.0,30.0,0.0
219.5,2000.0,30.0,0.0
219.6,2000.0,30.0,0.0
219.7,2000.0,30.0,0.0
219.8,2000.0,30.0,0.0
219.9,2000.0,30.0,0.0
220.0,2000.0,0.0,0.0
220.1,1980.0,-0.3,0.0
220.2,1960.0,-0.6,0.0
220.3,1940.0,-0.9,0.0
220.4,1920.0,-1.2,0.0
220.5,1900.0,-1.5,0.0
220.6,1880.0,-1.8,0.0
220.7,1860.0,-2.1,0.0
220.8,1840.0,-2.4,0.0
220.9,1820.0,-2.7,0.0
221.0,1800.0,-3.0,0.0
221.1,1780.0,-3.3,0.0
221.2,1760.0,-3.6,0.0
221.3,1740.0,-3.9,0.0
221.4,1720.0,-4.2,0.0
221.5,1700.0,-4.5,0.0
221.6,1680.0,-4.8,0.0
221.7,1660.0,-5.1,0.0
221.8,1640.0,-5.4,0.0
221.9,1620.0,-5.7,0.0
222.0,1600.0,-6.0,0.0
222.1,1580.0,-6.3,0.0
222.2,1560.0,-6.6,0.0
222.3,1540.0,-6.9,0.0
222.4,1520.0,-7.2,0.0
222.5,1500.0,-7.5,0.0
222.6,1480.0,-7.8,0.0
222.7,1460.0,-8.1,0.0
222.8,1440.0,-8.4,0.0
222.9,1420.0,-8.7,0.0
223.0,1400.0,-9.0,0.0
223.1,1380.0,-9.3,0.0
223.2,1360.0,-9.6,0.0
223.3,1340.0,-9.9,0.0
223.4,1320.0,-10.2,0.0
223.5,1300.0,-10.5,0.0
223.6,1280.0,-10.8,0.0
223.7,1260.0,-11.1,0.0
223.8,1240.0,-11.4,0.0
223.9,1220.0,-11.7,0.0
224.0,1200.0,-12.0,0.0
224.1,1180.0,-12.3,0.0
224.2,1160.0,-12.6,0.0
224.3,1140.0,-12.9,0.0
224.4,1120.0,-13.2,0.0
224.5,1100.0,-13.5,0.0
224.6,1080.0,-13.8,0.0
224.7,1060.0,-14.1,0.0
224.8,1040.0,-14.4,0.0
224.9,1020.0,-14.7,0.0
225.0,1000.0,-15.0,0.0
225.1,980.0,-15.3,0.0
225.2,960.0,-15.6,0.0
225.3,940.0,-15.9,0.0
225.4,920.0,-16.2,0.0
225.5,900.0,-16.5,0.0
225.6,880.0,-16.8,0.0
225.7,860.0,-17.1,0.0
225.8,840.0,-17.4,0.0
225.9,820.0,-17.7,0.0
226.0,800.0,-18.0,0.0
226.1,780.0,-18.3,0.0
226.2,760.0,-18.6,0.0
226.3,740.0,-18.9,0.0
226.4,720.0,-19.2,0.0
226.5,700.0,-19.5,0.0
226.6,680.0,-19.8,0.0
226.7,660.0,-20.1,0.0
226.8,640.0,-20.4,0.0
226.9,620.0,-20.7,0.0
227.0,600.0,-21.0,0.0
227.1,580.0,-21.3,0.0
227.2,560.0,-21.6,0.0
227.3,540.0,-21.9,0.0
227.4,520.0,-22.2,0.0
227.5,500.0,-22.5,0.0
227.6,480.0,-22.8,0.0
227.7,460.0,-23.1,0.0
227.8,440.0,-23.4,0.0
227.9,420.0,-23.7,0.0
228.0,400.0,-24.0,0.0
228.1,380.0,-24.3,0.0
228.2,360.0,-24.6,0.0
228.3,340.0,-24.9,0.0
228.4,320.0,-25.2,0.0
228.5,300.0,-25.5,0.0
228.6,280.0,-25.8,0.0
228.7,260.0,-26.1,0.0
228.8,240.0,-26.4,0.0
228.9,220.0,-26.7,0.0
229.0,200.0,-27.0,0.0
229.1,180.0,-27.3,0.0
229.2,160.0,-27.6,0.0
229.3,140.0,-27.9,0.0
229.4,120.0,-28.2,0.0
229.5,100.0,-28.5,0.0
229.6,80.0,-28.8,0.0
229.7,60.0,-29.1,0.0
229.8,40.0,-29.4,0.0
229.9,20.0,-29.7,0.0
230.0,0.0,0.0,0.0
230.1,0.0,0.0,0.0
230.2,0.0,0.0,0.0
230.3,0.0,0.0,0.0
230.4,0.0,0.0,0.0
230.5,0.0,0.0,0.0
230.6,0.0,0.0,0.0
230.7,0.0,0.0,0.0
230.8,0.0,0.0,0.0
230.9,0.0,0.0,0.0
231.0,0.0,0.0,0.0
231.1,0.0,0.0,0.0
231.2,0.0,0.0,0.0
231.3,0.0,0.0,0.0
231.4,0.0,0.0,0.0
231.5,0.0,0.0,0.0
231.6,0.0,0.0,0.0
231.7,0.0,0.0,0.0
231.8,0.0,0.0,0.0
231.9,0.0,0.0,0.0
232.0,0.0,0.0,0.0
232.1,0.0,0.0,0.0
232.2,0.0,0.0,0.0
232.3,0.0,0.0,0.0
232.4,0.0,0.0,0.0
232.5,0.0,0.0,0.0
232.6,0.0,0.0,0.0
232.7,0.0,0.0,0.0
232.8,0.0,0.0,0.0
232.9,0.0,0.0,0.0
233.0,0.0,0.0,0.0
233.1,0.0,0.0,0.0
233.2,0.0,0.0,0.0
233.3,0.0,0.0,0.0
233.4,0.0,0.0,0.0
233.5,0.0,0.0,0.0
233.6,0.0,0.0,0.0
233.7,0.0,0.0,0.0
233.8,0.0,0.0,0.0
233.9,0.0,0.0,0.0
234.0,0.0,0.0,0.0
234.1,0.0,0.0,0.0
234.2,0.0,0.0,0.0
234.3,0.0,0.0,0.0
234.4,0.0,0.0,0.0
234.5,0.0,0.0,0.0
234.6,0.0,0.0,0.0
234.7,0.0,0.0,0.0
234.8,0.0,0.0,0.0
234.9,0.0,0.0,0.0
235.0,0.0,0.0,0.0
235.1,0.0,0.0,0.0
235.2,0.0,0.0,0.0
235.3,0.0,0.0,0.0
235.4,0.0,0.0,0.0
235.5,0.0,0.0,0.0
235.6,0.0,0.0,0.0
235.7,0.0,0.0,0.0
235.8,0.0,0.0,0.0
235.9,0.0,0.0,0.0
236.0,0.0,0.0,0.0
236.1,0.0,0.0,0.0
236.2,0.0,0.0,0.0
236.3,0.0,0.0,0.0
236.4,0.0,0.0,0.0
236.5,0.0,0.0,0.0
236.6,0.0,0.0,0.0
236.7,0.0,0.0,0.0
236.8,0.0,0.0,0.0
236.9,0.0,0.0,0.0
237.0,0.0,0.0,0.0
237.1,0.0,0.0,0.0
237.2,0.0,0.0,0.0
237.3,0.0,0.0,0.0
237.4,0.0,0.0,0.0
237.5,0.0,0.0,0.0
237.6,0.0,0.0,0.0
237.7,0.0,0.0,0.0
237.8,0.0,0.0,0.0
237.9,0.0,0.0,0.0
238.0,0.0,0.0,0.0
238.1,0.0,0.0,0.0
238.2,0.0,0.0,0.0
238.3,0.0,0.0,0.0
238.4,0.0,0.0,0.0
238.5,0.0,0.0,0.0
238.6,0.0,0.0,0.0
238.7,0.0,0.0,0.0
238.8,0.0,0.0,0.0
238.9,0.0,0.0,0.0
239.0,0.0,0.0,0.0
239.1,0.0,0.0,0.0
239.2,0.0,0.0,0.0
239.3,0.0,0.0,0.0
239.4,0.0,0.0,0.0
239.5,0.0,0.0,0.0
239.6,0.0,0.0,0.0
239.7,0.0,0.0,0.0
239.8,0.0,0.0,0.0
239.9,0.0,0.0,0.0
